1,2,Quest Q64 10 FT. x 10 FT. Slant Leg Instant U,,59.98,http://images.acmesports.sports/Quest+Q64+10+FT.+x+10+FT.+Slant+Leg+Instant+Up+Canopy
2,2,Under Armour Men's Highlight MC Football Clea,,129.99,http://images.acmesports.sports/Under+Armour+Men%27s+Highlight+MC+Football+Cleat
3,2,Under Armour Men's Renegade D Mid Football Cl,,89.99,http://images.acmesports.sports/Under+Armour+Men%27s+Renegade+D+Mid+Football+Cleat
4,2,Under Armour Men's Renegade D Mid Football Cl,,89.99,http://images.acmesports.sports/Under+Armour+Men%27s+Renegade+D+Mid+Football+Cleat
5,2,Riddell Youth Revolution Speed Custom Footbal,,199.99,http://images.acmesports.sports/Riddell+Youth+Revolution+Speed+Custom+Football+Helmet
6,2,Jordan Men's VI Retro TD Football Cleat,,134.99,http://images.acmesports.sports/Jordan+Men%27s+VI+Retro+TD+Football+Cleat
7,2,Schutt Youth Recruit Hybrid Custom Football H,,99.99,http://images.acmesports.sports/Schutt+Youth+Recruit+Hybrid+Custom+Football+Helmet+2014
8,2,Nike Men's Vapor Carbon Elite TD Football Cle,,129.99,http://images.acmesports.sports/Nike+Men%27s+Vapor+Carbon+Elite+TD+Football+Cleat
9,2,Nike Adult Vapor Jet 3.0 Receiver Gloves,,50.0,http://images.acmesports.sports/Nike+Adult+Vapor+Jet+3.0+Receiver+Gloves
10,2,Under Armour Men's Highlight MC Football Clea,,129.99,http://images.acmesports.sports/Under+Armour+Men%27s+Highlight+MC+Football+Cleat
11,2,Fitness Gear 300 lb Olympic Weight Set,,209.99,http://images.acmesports.sports/Fitness+Gear+300+lb+Olympic+Weight+Set
12,2,Under Armour Men's Highlight MC Alter Ego Fla,,139.99,http://images.acmesports.sports/Under+Armour+Men%27s+Highlight+MC+Alter+Ego+Flash+Football...
13,2,Under Armour Men's Renegade D Mid Football Cl,,89.99,http://images.acmesports.sports/Under+Armour+Men%27s+Renegade+D+Mid+Football+Cleat
14,2,Quik Shade Summit SX170 10 FT. x 10 FT. Canop,,199.99,http://images.acmesports.sports/Quik+Shade+Summit+SX170+10+FT.+x+10+FT.+Canopy
15,2,Under Armour Kids' Highlight RM Alter Ego Sup,,59.99,http://images.acmesports.sports/Under+Armour+Kids%27+Highlight+RM+Alter+Ego+Superman+Football...
16,2,Riddell Youth 360 Custom Football Helmet,,299.99,http://images.acmesports.sports/Riddell+Youth+360+Custom+Football+Helmet
17,2,Under Armour Men's Highlight MC Football Clea,,129.99,http://images.acmesports.sports/Under+Armour+Men%27s+Highlight+MC+Football+Cleat
18,2,Reebok Men's Full Zip Training Jacket,,29.97,http://images.acmesports.sports/Reebok+Men%27s+Full+Zip+Training+Jacket
19,2,Nike Men's Fingertrap Max Training Shoe,,124.99,http://images.acmesports.sports/Nike+Men%27s+Fingertrap+Max+Training+Shoe
20,2,Under Armour Men's Highlight MC Football Clea,,129.99,http://images.acmesports.sports/Under+Armour+Men%27s+Highlight+MC+Football+Cleat
